ies,nombre,vacantes_totales,matricula_anual,arancel_anual,acreditacion_ies,costo_titulacion,costo_certificado,sem_totales
UNIVERSIDAD FINIS TERRAE,"BACHILLERATO EN ARTES, ARQUITECTURA Y DISEÑO",20,500000,7200000,5,328000,36000,4
UNIVERSIDAD DEL DESARROLLO,BACHILLERATO EN DISEÑO,45,1016114,10364360,6,0,0,2
"UNIVERSIDAD DE ARTES, CIENCIAS Y COMUNICACION - UNIACC",COMUNICACION DIGITAL ESPECIALIDAD DISEÑO Y DESARROLLO DE VIDEOJUEGOS,50,250000,4580000,3,400000,0,9
,DISEÑO,1284,391016,6157028,,,,
UNIVERSIDAD DE CHILE,DISEÑO,115,217600,6486700,7,0,139000,10
UNIVERSIDAD DE LA SERENA,DISEÑO,40,226580,4071000,5,0,249200,10
UNIVERSIDAD DE PLAYA ANCHA DE CIENCIAS DE LA EDUCACION,DISEÑO,25,185000,4305000,5,218000,166000,9
UNIVERSIDAD DE TALCA,DISEÑO,45,272000,5887000,6,0,258700,10
UNIVERSIDAD DE VALPARAISO,DISEÑO,75,226000,5713000,6,0,184000,10
UNIVERSIDAD DE LAS AMERICAS,DISEÑO,51,240000,4730000,5,198218,0,9
UNIVERSIDAD DE VIÑA DEL MAR,DISEÑO,30,355000,4277000,4,0,88100,9
UNIVERSIDAD DEL DESARROLLO,DISEÑO,240,1016114,9754692,6,0,40645,10
UNIVERSIDAD DEL DESARROLLO,DISEÑO,70,690957,6056038,6,0,40645,10
UNIVERSIDAD FINIS TERRAE,DISEÑO,80,692000,7320000,5,335289,36000,9
PONTIFICIA UNIVERSIDAD CATOLICA DE CHILE,DISEÑO,178,195000,8080000,7,0,0,10
PONTIFICIA UNIVERSIDAD CATOLICA DE VALPARAISO,DISEÑO,65,280000,6915000,7,0,134700,10
UNIVERSIDAD AUSTRAL DE CHILE,DISEÑO,45,270000,5887000,6,254000,31000,9
UNIVERSIDAD CATOLICA DE TEMUCO,DISEÑO,60,238000,5276000,5,138753,0,10
UNIVERSIDAD DIEGO PORTALES,DISEÑO,165,761000,7597000,6,0,318000,10
UNIVERSIDAD GABRIELA MISTRAL,DISEÑO DE EXPERIENCIAS INMERSIVAS Y VIDEOJUEGOS,45,227000,4814000,4,481000,0,5
"UNIVERSIDAD DE ARTES, CIENCIAS Y COMUNICACION - UNIACC",DISEÑO DE IMAGEN ESPECIALIDAD MODA,50,250000,4210000,3,400000,0,9
"UNIVERSIDAD DE ARTES, CIENCIAS Y COMUNICACION - UNIACC",DISEÑO DE INTERIORES Y AMBIENTES,60,250000,4030000,3,400000,0,9
,DISEÑO DE JUEGOS DIGITALES,170,573500,6102500,,,,
UNIVERSIDAD ANDRES BELLO,DISEÑO DE JUEGOS DIGITALES,90,506000,5069000,6,0,0,8
UNIVERSIDAD ANDRES BELLO,DISEÑO DE JUEGOS DIGITALES,80,641000,7136000,6,0,0,8
UNIVERSIDAD FINIS TERRAE,DISEÑO DE MODA Y MANAGEMENT,35,692000,7320000,5,335289,36000,9
UNIVERSIDAD ANDRES BELLO,DISEÑO DE VESTUARIO Y TEXTIL,100,641000,7148000,6,0,0,8
UNIVERSIDAD GABRIELA MISTRAL,DISEÑO DE VIDEOJUEGOS,30,383000,4814000,4,454000,0,9
UNIVERSIDAD GABRIELA MISTRAL,DISEÑO EN ANIMACION DIGITAL,60,383000,4814000,4,454000,0,9
,DISEÑO EN COMUNICACION VISUAL,100,151000,5657650,,,,
UNIVERSIDAD DE SANTIAGO DE CHILE,DISEÑO EN COMUNICACION VISUAL,40,212000,6552000,7,208000,208000,9
UNIVERSIDAD TECNOLOGICA METROPOLITANA,DISEÑO EN COMUNICACION VISUAL,60,90000,4763300,4,47500,168000,10
UNIVERSIDAD GABRIELA MISTRAL,DISEÑO EN INTERACCION DIGITAL,20,383000,4814000,4,454000,0,9
UNIVERSIDAD GABRIELA MISTRAL,DISEÑO EN MARKETING DIGITAL,20,383000,4814000,4,454000,0,9
,DISEÑO GRAFICO,125,382500,5686000,,,,
UNIVERSIDAD DEL BIO-BIO,DISEÑO GRAFICO,45,138000,4307000,5,55000,25000,9
UNIVERSIDAD ANDRES BELLO,DISEÑO GRAFICO,80,627000,7065000,6,0,0,8
"UNIVERSIDAD DE ARTES, CIENCIAS Y COMUNICACION - UNIACC",DISEÑO GRAFICO ESPECIALIDAD MULTIMEDIA,50,250000,4210000,3,400000,0,9
UNIVERSIDAD DE ANTOFAGASTA,DISEÑO GRAFICO MENCION DISEÑO ESTRATEGICO,35,225000,5120000,5,310000,180000,10
,DISEÑO INDUSTRIAL,145,146666,471333,,,,
UNIVERSIDAD DE SANTIAGO DE CHILE,DISEÑO INDUSTRIAL,50,212000,4989000,7,208000,208000,9
UNIVERSIDAD DEL BIO-BIO,DISEÑO INDUSTRIAL,55,138000,4434000,5,55000,25000,9
UNIVERSIDAD TECNOLOGICA METROPOLITANA,DISEÑO INDUSTRIAL,40,90000,4891000,4,47500,168000,10
UNIVERSIDAD MAYOR,DISEÑO MENCION INDUSTRIAL/GRAFICO/AMBIENTES,70,673500,7214218,5,0,250000,10
UNIVERSIDAD DE TARAPACA,DISEÑO MULTIMEDIA,58,0,6555000,6,0,205000,8
UNIVERSIDAD DE CHILE,DISEÑO TEATRAL,25,217600,5492400,7,0,139000,10
UNIVERSIDAD ADOLFO IBAÑEZ,INGENIERIA EN DISEÑO,0,934825,9754692,6,0,81289,7
,INGENIERIA EN DISEÑO DE PRODUCTOS,45,275000,6000000,,,,
UNIVERSIDAD TECNICA FEDERICO SANTA MARIA,INGENIERIA EN DISEÑO DE PRODUCTOS,25,275000,6000000,6,125000,4000,10
UNIVERSIDAD TECNICA FEDERICO SANTA MARIA,INGENIERIA EN DISEÑO DE PRODUCTOS,20,275000,6000000,6,125000,4000,10
UNIVERSIDAD TECNICA FEDERICO SANTA MARIA,INGENIERIA EN FABRICACION Y DISEÑO INDUSTRIAL,20,275000,5180000,6,125000,4000,8
UNIVERSIDAD BERNARDO O'HIGGINS,INGENIERIA EN REALIDAD VIRTUAL Y DISEÑO DE JUEGOS DIGITALES,55,320000,5900000,5,417252,34771,9